{
  "accuracy": 0.6422,
  "precision": 0.09690512430238457,
  "recall": 0.955,
  "f1": 0.1759557807461999,
  "auc": 0.8015708333333332
}