{
  "accuracy": 0.373,
  "precision": 0.05997001499250375,
  "recall": 1.0,
  "f1": 0.11315417256011315,
  "auc": 0.8069604166666667
}